{"cameraMode":{"drawMode":0,"name":"Shaded","section":"Shading Mode"},"sceneLighting":false,"audioPlay":false,"sceneViewState":{"m_AlwaysRefresh":false,"showFog":true,"showSkybox":false,"showFlares":true,"showImageEffects":false,"showParticleSystems":true,"showVisualEffectGraphs":true,"m_FxEnabled":true},"in2DMode":false,"pivot":{"x":-33.9439582824707,"y":1.4415855407714844,"z":7.855754852294922},"rotation":{"x":0.5390951633453369,"y":-0.008843234740197659,"z":0.005661034025251865,"w":0.8421793580055237},"size":21.444787979125978,"orthographic":false}