{"cameraMode":{"drawMode":0,"name":"Shaded","section":"Shading Mode"},"sceneLighting":true,"audioPlay":false,"sceneViewState":{"m_AlwaysRefresh":false,"showFog":true,"showSkybox":true,"showFlares":true,"showImageEffects":true,"showParticleSystems":true,"showVisualEffectGraphs":true,"m_FxEnabled":true},"in2DMode":false,"pivot":{"x":14.725942611694336,"y":6.840818881988525,"z":19.37538719177246},"rotation":{"x":-0.00477042468264699,"y":0.6912156343460083,"z":0.004564256872981787,"w":0.7226258516311646},"size":6.2372212409973148,"orthographic":false}