{"cameraMode":{"drawMode":0,"name":"Shaded","section":"Shading Mode"},"sceneLighting":true,"audioPlay":false,"sceneViewState":{"m_AlwaysRefresh":false,"showFog":true,"showSkybox":true,"showFlares":true,"showImageEffects":true,"showParticleSystems":true,"showVisualEffectGraphs":true,"m_FxEnabled":true},"in2DMode":false,"pivot":{"x":-6.837393283843994,"y":3.4509851932525636,"z":8.142354965209961},"rotation":{"x":-0.0014065225841477514,"y":-0.3508698642253876,"z":-0.0005272231646813452,"w":0.9364239573478699},"size":0.3165977895259857,"orthographic":true}