{"cameraMode":{"drawMode":0,"name":"Shaded","section":"Shading Mode"},"sceneLighting":true,"audioPlay":false,"sceneViewState":{"m_AlwaysRefresh":false,"showFog":true,"showSkybox":true,"showFlares":true,"showImageEffects":true,"showParticleSystems":true,"showVisualEffectGraphs":true,"m_FxEnabled":true},"in2DMode":false,"pivot":{"x":69.50341796875,"y":386.18914794921877,"z":54.377349853515628},"rotation":{"x":-0.0014065225841477514,"y":-0.3508698642253876,"z":-0.0005272231646813452,"w":0.9364239573478699},"size":74.23200988769531,"orthographic":true}