{"cameraMode":{"drawMode":0,"name":"Shaded","section":"Shading Mode"},"sceneLighting":true,"audioPlay":false,"sceneViewState":{"m_AlwaysRefresh":false,"showFog":true,"showSkybox":true,"showFlares":true,"showImageEffects":true,"showParticleSystems":true,"showVisualEffectGraphs":true,"m_FxEnabled":true},"in2DMode":false,"pivot":{"x":200.8693084716797,"y":912.781982421875,"z":-415.09527587890627},"rotation":{"x":0.003898004535585642,"y":0.006899855099618435,"z":-0.00002686709376575891,"w":0.9999688863754273},"size":123.59979248046875,"orthographic":true}