{"cameraMode":{"drawMode":0,"name":"Shaded","section":"Shading Mode"},"sceneLighting":true,"audioPlay":false,"sceneViewState":{"m_AlwaysRefresh":false,"showFog":true,"showSkybox":true,"showFlares":true,"showImageEffects":false,"showParticleSystems":true,"showVisualEffectGraphs":true,"m_FxEnabled":true},"in2DMode":false,"pivot":{"x":523.0520629882813,"y":32.49894714355469,"z":666.721435546875},"rotation":{"x":0.0043524205684661869,"y":-0.25312796235084536,"z":0.0011431003222241998,"w":0.9674277901649475},"size":2.599910259246826,"orthographic":false}