{"cameraMode":{"drawMode":0,"name":"Shaded","section":"Shading Mode"},"sceneLighting":true,"audioPlay":false,"sceneViewState":{"m_AlwaysRefresh":false,"showFog":true,"showSkybox":true,"showFlares":true,"showImageEffects":true,"showParticleSystems":true,"showVisualEffectGraphs":true,"m_FxEnabled":true},"in2DMode":false,"pivot":{"x":22.619924545288087,"y":-1.2336944341659547,"z":38.61627197265625},"rotation":{"x":-0.07432956993579865,"y":0.0009049811051227152,"z":-0.00006739698437741026,"w":-0.9972354173660278},"size":6.2372212409973148,"orthographic":false}