{"cameraMode":{"drawMode":0,"name":"Shaded","section":"Shading Mode"},"sceneLighting":true,"audioPlay":false,"sceneViewState":{"m_AlwaysRefresh":false,"showFog":true,"showSkybox":true,"showFlares":true,"showImageEffects":true,"showParticleSystems":true,"showVisualEffectGraphs":true,"m_FxEnabled":true},"in2DMode":false,"pivot":{"x":21.015491485595704,"y":8.287653923034668,"z":14.408509254455567},"rotation":{"x":-0.028519557788968087,"y":-0.19840462505817414,"z":-0.00577437411993742,"w":0.9796938300132752},"size":3.4220190048217775,"orthographic":false}