{"cameraMode":{"drawMode":0,"name":"Shaded","section":"Shading Mode"},"sceneLighting":true,"audioPlay":false,"sceneViewState":{"m_AlwaysRefresh":false,"showFog":true,"showSkybox":true,"showFlares":true,"showImageEffects":true,"showParticleSystems":true,"showVisualEffectGraphs":true,"m_FxEnabled":true},"in2DMode":false,"pivot":{"x":2.6407957077026369,"y":0.8128907680511475,"z":18.071924209594728},"rotation":{"x":0.037190768867731097,"y":0.12618772685527802,"z":-0.004727770108729601,"w":0.991330623626709},"size":12.124356269836426,"orthographic":false}