{"cameraMode":{"drawMode":0,"name":"Shaded","section":"Shading Mode"},"sceneLighting":true,"audioPlay":false,"sceneViewState":{"m_AlwaysRefresh":false,"showFog":true,"showSkybox":true,"showFlares":true,"showImageEffects":true,"showParticleSystems":true,"showVisualEffectGraphs":true,"m_FxEnabled":true},"in2DMode":false,"pivot":{"x":444.8395690917969,"y":19.44947052001953,"z":342.3634338378906},"rotation":{"x":0.21198581159114839,"y":0.25457486510276797,"z":-0.05730166658759117,"w":0.9417912364006043},"size":4.7911601066589359,"orthographic":false}