{"cameraMode":{"drawMode":0,"name":"Shaded","section":"Shading Mode"},"sceneLighting":false,"audioPlay":false,"sceneViewState":{"m_AlwaysRefresh":false,"showFog":true,"showSkybox":true,"showFlares":true,"showImageEffects":false,"showParticleSystems":true,"showVisualEffectGraphs":true,"m_FxEnabled":true},"in2DMode":false,"pivot":{"x":320.63763427734377,"y":15.089274406433106,"z":419.3950500488281},"rotation":{"x":0.16802045702934266,"y":-0.02956865169107914,"z":0.00504213385283947,"w":0.9853269457817078},"size":2.083237409591675,"orthographic":false}