{"cameraMode":{"drawMode":0,"name":"Shaded","section":"Shading Mode"},"sceneLighting":false,"audioPlay":false,"sceneViewState":{"m_AlwaysRefresh":false,"showFog":true,"showSkybox":true,"showFlares":true,"showImageEffects":false,"showParticleSystems":true,"showVisualEffectGraphs":true,"m_FxEnabled":true},"in2DMode":false,"pivot":{"x":320.0421447753906,"y":18.460987091064454,"z":416.8349914550781},"rotation":{"x":-0.0034639977384358646,"y":-0.9050759673118591,"z":0.007320761680603027,"w":-0.4252113997936249},"size":1.1274293661117554,"orthographic":true}