{"cameraMode":{"drawMode":0,"name":"Shaded","section":"Shading Mode"},"sceneLighting":false,"audioPlay":false,"sceneViewState":{"m_AlwaysRefresh":false,"showFog":true,"showSkybox":true,"showFlares":true,"showImageEffects":true,"showParticleSystems":true,"showVisualEffectGraphs":true,"m_FxEnabled":false},"in2DMode":false,"pivot":{"x":363.5115051269531,"y":26.307117462158204,"z":409.33392333984377},"rotation":{"x":-0.009328214451670647,"y":0.8015252351760864,"z":0.012505718506872654,"w":0.5977625250816345},"size":12.460836410522461,"orthographic":false}