{"cameraMode":{"drawMode":0,"name":"Shaded","section":"Shading Mode"},"sceneLighting":true,"audioPlay":false,"sceneViewState":{"m_AlwaysRefresh":false,"showFog":true,"showSkybox":true,"showFlares":true,"showImageEffects":true,"showParticleSystems":true,"showVisualEffectGraphs":true,"m_FxEnabled":true},"in2DMode":false,"pivot":{"x":17.9901065826416,"y":7.632616996765137,"z":20.050296783447267},"rotation":{"x":-0.0680479183793068,"y":-0.007796432822942734,"z":-0.0005305404192768037,"w":0.9976571202278137},"size":5.957913398742676,"orthographic":false}