{"cameraMode":{"drawMode":0,"name":"Shaded","section":"Shading Mode"},"sceneLighting":true,"audioPlay":false,"sceneViewState":{"m_AlwaysRefresh":false,"showFog":true,"showSkybox":true,"showFlares":true,"showImageEffects":false,"showParticleSystems":true,"showVisualEffectGraphs":true,"m_FxEnabled":true},"in2DMode":false,"pivot":{"x":531.7820434570313,"y":33.39731979370117,"z":666.0894165039063},"rotation":{"x":0.005695994943380356,"y":0.9744115471839905,"z":-0.024852866306900979,"w":0.22332210838794709},"size":2.666025161743164,"orthographic":false}