{"cameraMode":{"drawMode":0,"name":"Shaded","section":"Shading Mode"},"sceneLighting":true,"audioPlay":false,"sceneViewState":{"m_AlwaysRefresh":false,"showFog":true,"showSkybox":true,"showFlares":true,"showImageEffects":false,"showParticleSystems":true,"showVisualEffectGraphs":true,"m_FxEnabled":true},"in2DMode":false,"pivot":{"x":322.0438232421875,"y":22.425151824951173,"z":423.5998229980469},"rotation":{"x":0.3395732045173645,"y":0.29069459438323977,"z":-0.11121350526809693,"w":0.8875911831855774},"size":12.495057106018067,"orthographic":false}