{"cameraMode":{"drawMode":0,"name":"Shaded","section":"Shading Mode"},"sceneLighting":true,"audioPlay":false,"sceneViewState":{"m_AlwaysRefresh":false,"showFog":true,"showSkybox":true,"showFlares":true,"showImageEffects":true,"showParticleSystems":true,"showVisualEffectGraphs":true,"m_FxEnabled":true},"in2DMode":false,"pivot":{"x":-7.110432147979736,"y":3.3164427280426027,"z":8.173288345336914},"rotation":{"x":-0.05117954686284065,"y":-0.061687130481004718,"z":0.0031680790707468988,"w":-0.9967785477638245},"size":0.270102322101593,"orthographic":false}