{"cameraMode":{"drawMode":0,"name":"Shaded","section":"Shading Mode"},"sceneLighting":false,"audioPlay":false,"sceneViewState":{"m_AlwaysRefresh":false,"showFog":true,"showSkybox":true,"showFlares":true,"showImageEffects":true,"showParticleSystems":true,"showVisualEffectGraphs":true,"m_FxEnabled":false},"in2DMode":false,"pivot":{"x":16.717878341674806,"y":5.367433547973633,"z":-57.864891052246097},"rotation":{"x":-0.11613467335700989,"y":-0.006861724890768528,"z":0.000813112361356616,"w":-0.9932233691215515},"size":2.842303514480591,"orthographic":false}