{"cameraMode":{"drawMode":0,"name":"Shaded","section":"Shading Mode"},"sceneLighting":true,"audioPlay":false,"sceneViewState":{"m_AlwaysRefresh":false,"showFog":true,"showSkybox":true,"showFlares":true,"showImageEffects":false,"showParticleSystems":true,"showVisualEffectGraphs":true,"m_FxEnabled":true},"in2DMode":false,"pivot":{"x":485.0076599121094,"y":20.888004302978517,"z":332.8397216796875},"rotation":{"x":0.004645234905183315,"y":0.9949727654457092,"z":-0.08317192643880844,"w":0.05557367205619812},"size":1.8593902587890626,"orthographic":false}