{"cameraMode":{"drawMode":0,"name":"Shaded","section":"Shading Mode"},"sceneLighting":true,"audioPlay":false,"sceneViewState":{"m_AlwaysRefresh":false,"showFog":true,"showSkybox":true,"showFlares":true,"showImageEffects":false,"showParticleSystems":true,"showVisualEffectGraphs":true,"m_FxEnabled":true},"in2DMode":false,"pivot":{"x":321.1404724121094,"y":19.932096481323243,"z":417.87176513671877},"rotation":{"x":-0.06072406843304634,"y":0.5704779028892517,"z":0.04235123470425606,"w":0.8179698586463928},"size":1.321662425994873,"orthographic":false}