{"cameraMode":{"drawMode":0,"name":"Shaded","section":"Shading Mode"},"sceneLighting":true,"audioPlay":false,"sceneViewState":{"m_AlwaysRefresh":false,"showFog":true,"showSkybox":true,"showFlares":true,"showImageEffects":true,"showParticleSystems":true,"showVisualEffectGraphs":true,"m_FxEnabled":true},"in2DMode":false,"pivot":{"x":474.8657531738281,"y":0.04286888986825943,"z":419.5342712402344},"rotation":{"x":-0.001798718934878707,"y":-0.6618614792823792,"z":-0.001589092775247991,"w":0.7496251463890076},"size":0.15613368153572083,"orthographic":true}