{"cameraMode":{"drawMode":0,"name":"Shaded","section":"Shading Mode"},"sceneLighting":true,"audioPlay":false,"sceneViewState":{"m_AlwaysRefresh":false,"showFog":true,"showSkybox":true,"showFlares":true,"showImageEffects":true,"showParticleSystems":true,"showVisualEffectGraphs":true,"m_FxEnabled":true},"in2DMode":false,"pivot":{"x":-3.5359668731689455,"y":-3.083364486694336,"z":36.230873107910159},"rotation":{"x":0.07408354431390763,"y":-0.6005202531814575,"z":0.05599883571267128,"w":0.7942395806312561},"size":12.124356269836426,"orthographic":false}