{"cameraMode":{"drawMode":0,"name":"Shaded","section":"Shading Mode"},"sceneLighting":true,"audioPlay":false,"sceneViewState":{"m_AlwaysRefresh":false,"showFog":true,"showSkybox":true,"showFlares":true,"showImageEffects":true,"showParticleSystems":true,"showVisualEffectGraphs":true,"m_FxEnabled":true},"in2DMode":false,"pivot":{"x":2.2312021255493166,"y":4.2289299964904789,"z":14.795145034790039},"rotation":{"x":0.03327379375696182,"y":0.9568060040473938,"z":-0.12149998545646668,"w":0.26202350854873659},"size":0.7510308623313904,"orthographic":false}