{"cameraMode":{"drawMode":0,"name":"Shaded","section":"Shading Mode"},"sceneLighting":true,"audioPlay":false,"sceneViewState":{"m_AlwaysRefresh":false,"showFog":true,"showSkybox":true,"showFlares":true,"showImageEffects":true,"showParticleSystems":true,"showVisualEffectGraphs":true,"m_FxEnabled":true},"in2DMode":false,"pivot":{"x":18.473190307617189,"y":4.1023759841918949,"z":35.53217315673828},"rotation":{"x":0.04823868349194527,"y":-0.16109974682331086,"z":0.007883697748184204,"w":0.9857285618782044},"size":9.711200714111329,"orthographic":false}