{"cameraMode":{"drawMode":0,"name":"Shaded","section":"Shading Mode"},"sceneLighting":false,"audioPlay":false,"sceneViewState":{"m_AlwaysRefresh":false,"showFog":true,"showSkybox":true,"showFlares":true,"showImageEffects":true,"showParticleSystems":true,"showVisualEffectGraphs":true,"m_FxEnabled":false},"in2DMode":false,"pivot":{"x":32.20865249633789,"y":1.1803534030914307,"z":11.321656227111817},"rotation":{"x":0.048775024712085727,"y":0.6823024153709412,"z":-0.045712944120168689,"w":0.7280097603797913},"size":15.21385383605957,"orthographic":false}