{"cameraMode":{"drawMode":0,"name":"Shaded","section":"Shading Mode"},"sceneLighting":true,"audioPlay":false,"sceneViewState":{"m_AlwaysRefresh":false,"showFog":true,"showSkybox":true,"showFlares":true,"showImageEffects":true,"showParticleSystems":true,"showVisualEffectGraphs":true,"m_FxEnabled":true},"in2DMode":false,"pivot":{"x":473.2139892578125,"y":2.5848588943481447,"z":415.4424743652344},"rotation":{"x":0.5800102949142456,"y":0.017103632912039758,"z":-0.012182007543742657,"w":0.814338743686676},"size":6.613400459289551,"orthographic":false}