{"cameraMode":{"drawMode":0,"name":"Shaded","section":"Shading Mode"},"sceneLighting":true,"audioPlay":false,"sceneViewState":{"m_AlwaysRefresh":false,"showFog":true,"showSkybox":true,"showFlares":true,"showImageEffects":true,"showParticleSystems":true,"showVisualEffectGraphs":true,"m_FxEnabled":true},"in2DMode":false,"pivot":{"x":-4.678653717041016,"y":3.0524582862854006,"z":1.1756930351257325},"rotation":{"x":-0.050032444298267367,"y":-0.8805844783782959,"z":0.09547288715839386,"w":-0.4614717364311218},"size":2.1142215728759767,"orthographic":false}