{"cameraMode":{"drawMode":0,"name":"Shaded","section":"Shading Mode"},"sceneLighting":true,"audioPlay":false,"sceneViewState":{"m_AlwaysRefresh":false,"showFog":true,"showSkybox":true,"showFlares":true,"showImageEffects":true,"showParticleSystems":true,"showVisualEffectGraphs":true,"m_FxEnabled":true},"in2DMode":false,"pivot":{"x":474.4620056152344,"y":2.245021343231201,"z":420.2308044433594},"rotation":{"x":0.2897755205631256,"y":-0.17811109125614167,"z":0.054978687316179278,"w":0.9387672543525696},"size":2.3185667991638185,"orthographic":false}