{"cameraMode":{"drawMode":0,"name":"Shaded","section":"Shading Mode"},"sceneLighting":false,"audioPlay":false,"sceneViewState":{"m_AlwaysRefresh":false,"showFog":true,"showSkybox":false,"showFlares":true,"showImageEffects":false,"showParticleSystems":true,"showVisualEffectGraphs":true,"m_FxEnabled":true},"in2DMode":false,"pivot":{"x":-0.1543065905570984,"y":0.15569524466991425,"z":0.16588985919952393},"rotation":{"x":-0.005095061380416155,"y":0.05815277248620987,"z":0.0002962295548059046,"w":0.9982889890670776},"size":0.3642675578594208,"orthographic":false}