{"cameraMode":{"drawMode":0,"name":"Shaded","section":"Shading Mode"},"sceneLighting":false,"audioPlay":false,"sceneViewState":{"m_AlwaysRefresh":false,"showFog":true,"showSkybox":false,"showFlares":true,"showImageEffects":true,"showParticleSystems":true,"showVisualEffectGraphs":true,"m_FxEnabled":true},"in2DMode":false,"pivot":{"x":474.4694519042969,"y":0.19951903820037843,"z":425.3966979980469},"rotation":{"x":0.10906287282705307,"y":-0.1738201528787613,"z":0.01937245763838291,"w":0.9785283207893372},"size":1.0732121467590333,"orthographic":false}