{"cameraMode":{"drawMode":0,"name":"Shaded","section":"Shading Mode"},"sceneLighting":false,"audioPlay":false,"sceneViewState":{"m_AlwaysRefresh":false,"showFog":true,"showSkybox":false,"showFlares":true,"showImageEffects":true,"showParticleSystems":true,"showVisualEffectGraphs":true,"m_FxEnabled":true},"in2DMode":false,"pivot":{"x":474.9773254394531,"y":0.3967816233634949,"z":424.3924560546875},"rotation":{"x":0.2549569606781006,"y":-0.45490244030952456,"z":0.13773158192634583,"w":0.8420757055282593},"size":0.17321211099624635,"orthographic":false}