{"cameraMode":{"drawMode":0,"name":"Shaded","section":"Shading Mode"},"sceneLighting":false,"audioPlay":false,"sceneViewState":{"m_AlwaysRefresh":false,"showFog":true,"showSkybox":false,"showFlares":true,"showImageEffects":true,"showParticleSystems":true,"showVisualEffectGraphs":true,"m_FxEnabled":false},"in2DMode":false,"pivot":{"x":33.21965026855469,"y":2.0303165912628176,"z":28.345474243164064},"rotation":{"x":-0.02284339629113674,"y":0.48304814100265505,"z":0.012623639777302742,"w":0.8752124309539795},"size":15.579188346862793,"orthographic":false}