{"cameraMode":{"drawMode":0,"name":"Shaded","section":"Shading Mode"},"sceneLighting":false,"audioPlay":false,"sceneViewState":{"m_AlwaysRefresh":false,"showFog":true,"showSkybox":false,"showFlares":true,"showImageEffects":true,"showParticleSystems":true,"showVisualEffectGraphs":true,"m_FxEnabled":false},"in2DMode":false,"pivot":{"x":-14.790372848510743,"y":1.6839823722839356,"z":0.09913253784179688},"rotation":{"x":0.04490339383482933,"y":0.902177631855011,"z":-0.09670427441596985,"w":0.4182595908641815},"size":15.579188346862793,"orthographic":false}