{"cameraMode":{"drawMode":0,"name":"Shaded","section":"Shading Mode"},"sceneLighting":false,"audioPlay":false,"sceneViewState":{"m_AlwaysRefresh":false,"showFog":true,"showSkybox":false,"showFlares":true,"showImageEffects":true,"showParticleSystems":true,"showVisualEffectGraphs":true,"m_FxEnabled":false},"in2DMode":false,"pivot":{"x":-36.226871490478519,"y":13.473800659179688,"z":46.347686767578128},"rotation":{"x":-0.038177452981472018,"y":-0.9158874154090881,"z":0.38972386717796328,"w":-0.0895935669541359},"size":15.579188346862793,"orthographic":false}