{"cameraMode":{"drawMode":0,"name":"Shaded","section":"Shading Mode"},"sceneLighting":false,"audioPlay":false,"sceneViewState":{"m_AlwaysRefresh":false,"showFog":true,"showSkybox":false,"showFlares":true,"showImageEffects":true,"showParticleSystems":true,"showVisualEffectGraphs":true,"m_FxEnabled":false},"in2DMode":false,"pivot":{"x":54.45965576171875,"y":30.500429153442384,"z":6.4355902671813969},"rotation":{"x":0.43289420008659365,"y":0.025687262415885927,"z":-0.012339985929429531,"w":0.9009864330291748},"size":3.927785634994507,"orthographic":false}