{"cameraMode":{"drawMode":0,"name":"Shaded","section":"Shading Mode"},"sceneLighting":false,"audioPlay":false,"sceneViewState":{"m_AlwaysRefresh":false,"showFog":true,"showSkybox":false,"showFlares":true,"showImageEffects":true,"showParticleSystems":true,"showVisualEffectGraphs":true,"m_FxEnabled":false},"in2DMode":false,"pivot":{"x":51.20500183105469,"y":10.556999206542969,"z":13.783002853393555},"rotation":{"x":0.43289420008659365,"y":0.025687262415885927,"z":-0.012339985929429531,"w":0.9009864330291748},"size":121.2435531616211,"orthographic":false}