{"cameraMode":{"drawMode":0,"name":"Shaded","section":"Shading Mode"},"sceneLighting":false,"audioPlay":false,"sceneViewState":{"m_AlwaysRefresh":false,"showFog":true,"showSkybox":false,"showFlares":true,"showImageEffects":true,"showParticleSystems":true,"showVisualEffectGraphs":true,"m_FxEnabled":false},"in2DMode":false,"pivot":{"x":103.57246398925781,"y":-62.068023681640628,"z":214.30198669433595},"rotation":{"x":-0.13778451085090638,"y":-0.20518271625041963,"z":0.029256198555231096,"w":-0.9686403274536133},"size":121.2435531616211,"orthographic":false}