{"cameraMode":{"drawMode":0,"name":"Shaded","section":"Shading Mode"},"sceneLighting":false,"audioPlay":false,"sceneViewState":{"m_AlwaysRefresh":false,"showFog":true,"showSkybox":false,"showFlares":true,"showImageEffects":true,"showParticleSystems":true,"showVisualEffectGraphs":true,"m_FxEnabled":false},"in2DMode":false,"pivot":{"x":14.150711059570313,"y":-132.85464477539063,"z":171.313232421875},"rotation":{"x":0.3582083582878113,"y":0.003891144646331668,"z":-0.0014611819060519338,"w":0.9337430000305176},"size":121.2435531616211,"orthographic":false}