{"cameraMode":{"drawMode":0,"name":"Shaded","section":"Shading Mode"},"sceneLighting":false,"audioPlay":false,"sceneViewState":{"m_AlwaysRefresh":false,"showFog":true,"showSkybox":false,"showFlares":true,"showImageEffects":true,"showParticleSystems":true,"showVisualEffectGraphs":true,"m_FxEnabled":true},"in2DMode":false,"pivot":{"x":-0.4100865125656128,"y":1.360388994216919,"z":0.2033107876777649},"rotation":{"x":-0.1864946484565735,"y":-0.44888681173324587,"z":-0.09638020396232605,"w":0.8685828447341919},"size":1.0290168523788453,"orthographic":true}