{"cameraMode":{"drawMode":0,"name":"Shaded","section":"Shading Mode"},"sceneLighting":false,"audioPlay":false,"sceneViewState":{"m_AlwaysRefresh":false,"showFog":true,"showSkybox":false,"showFlares":true,"showImageEffects":false,"showParticleSystems":true,"showVisualEffectGraphs":true,"m_FxEnabled":true},"in2DMode":false,"pivot":{"x":-110.38980865478516,"y":-9.331352233886719,"z":-30.186967849731447},"rotation":{"x":0.11464125663042069,"y":-0.008940614759922028,"z":0.0010314505780115724,"w":0.993368923664093},"size":61.9796142578125,"orthographic":false}