{"cameraMode":{"drawMode":0,"name":"Shaded","section":"Shading Mode"},"sceneLighting":false,"audioPlay":false,"sceneViewState":{"m_AlwaysRefresh":false,"showFog":true,"showSkybox":false,"showFlares":true,"showImageEffects":true,"showParticleSystems":true,"showVisualEffectGraphs":true,"m_FxEnabled":true},"in2DMode":false,"pivot":{"x":0.0428471565246582,"y":1.449216365814209,"z":10.576082229614258},"rotation":{"x":0.04132261499762535,"y":0.055423978716135028,"z":-0.002295732730999589,"w":0.9976058006286621},"size":7.13923454284668,"orthographic":false}