{"cameraMode":{"drawMode":0,"name":"Shaded","section":"Shading Mode"},"sceneLighting":false,"audioPlay":false,"sceneViewState":{"m_AlwaysRefresh":false,"showFog":true,"showSkybox":false,"showFlares":true,"showImageEffects":true,"showParticleSystems":true,"showVisualEffectGraphs":true,"m_FxEnabled":true},"in2DMode":false,"pivot":{"x":18.921104431152345,"y":4.921123504638672,"z":13.746410369873047},"rotation":{"x":0.01170759554952383,"y":0.9867705702781677,"z":-0.13855217397212983,"w":0.08337857574224472},"size":12.12435531616211,"orthographic":false}