{"cameraMode":{"drawMode":0,"name":"Shaded","section":"Shading Mode"},"sceneLighting":false,"audioPlay":false,"sceneViewState":{"m_AlwaysRefresh":false,"showFog":true,"showSkybox":false,"showFlares":true,"showImageEffects":true,"showParticleSystems":true,"showVisualEffectGraphs":true,"m_FxEnabled":true},"in2DMode":false,"pivot":{"x":1.4191398620605469,"y":10.257707595825196,"z":0.00000762939453125},"rotation":{"x":0.2070431113243103,"y":0.7592446208000183,"z":-0.28812289237976076,"w":0.5455882549285889},"size":27.44887924194336,"orthographic":false}