{"cameraMode":{"drawMode":0,"name":"Shaded","section":"Shading Mode"},"sceneLighting":false,"audioPlay":false,"sceneViewState":{"m_AlwaysRefresh":false,"showFog":true,"showSkybox":false,"showFlares":true,"showImageEffects":true,"showParticleSystems":true,"showVisualEffectGraphs":true,"m_FxEnabled":true},"in2DMode":false,"pivot":{"x":-0.2865700125694275,"y":1.5390558242797852,"z":-1.0414198637008668},"rotation":{"x":0.012672998942434788,"y":0.9781066179275513,"z":-0.06258457899093628,"w":0.19806422293186189},"size":1.2671208381652833,"orthographic":false}