{"cameraMode":{"drawMode":0,"name":"Shaded","section":"Shading Mode"},"sceneLighting":false,"audioPlay":false,"sceneViewState":{"m_AlwaysRefresh":false,"showFog":true,"showSkybox":false,"showFlares":true,"showImageEffects":true,"showParticleSystems":true,"showVisualEffectGraphs":true,"m_FxEnabled":false},"in2DMode":false,"pivot":{"x":-45.76970672607422,"y":5.56815767288208,"z":-29.683761596679689},"rotation":{"x":-0.008334225974977017,"y":0.12327486276626587,"z":-0.0010328965727239848,"w":-0.9923432469367981},"size":2.082692861557007,"orthographic":false}