{"cameraMode":{"drawMode":0,"name":"Shaded","section":"Shading Mode"},"sceneLighting":true,"audioPlay":false,"sceneViewState":{"m_AlwaysRefresh":false,"showFog":true,"showSkybox":false,"showFlares":true,"showImageEffects":false,"showParticleSystems":true,"showVisualEffectGraphs":true,"m_FxEnabled":true},"in2DMode":false,"pivot":{"x":-58.742488861083987,"y":-12.824524879455567,"z":123.2118148803711},"rotation":{"x":0.08626437187194824,"y":-0.12015728652477265,"z":0.010445311665534974,"w":0.9890103936195374},"size":59.754268646240237,"orthographic":false}