{"cameraMode":{"drawMode":0,"name":"Shaded","section":"Shading Mode"},"sceneLighting":true,"audioPlay":false,"sceneViewState":{"m_AlwaysRefresh":false,"showFog":true,"showSkybox":false,"showFlares":true,"showImageEffects":false,"showParticleSystems":true,"showVisualEffectGraphs":true,"m_FxEnabled":true},"in2DMode":false,"pivot":{"x":18.449424743652345,"y":-23.92224884033203,"z":-97.72894287109375},"rotation":{"x":0.024762727320194246,"y":0.9703851938247681,"z":-0.11255840212106705,"w":0.21260228753089906},"size":59.73902893066406,"orthographic":false}