{"cameraMode":{"drawMode":0,"name":"Shaded","section":"Shading Mode"},"sceneLighting":false,"audioPlay":false,"sceneViewState":{"m_AlwaysRefresh":false,"showFog":true,"showSkybox":false,"showFlares":true,"showImageEffects":true,"showParticleSystems":true,"showVisualEffectGraphs":true,"m_FxEnabled":true},"in2DMode":false,"pivot":{"x":0.009691394865512848,"y":8.80790901184082,"z":-0.07924152910709381},"rotation":{"x":-0.10357219725847244,"y":0.4978635311126709,"z":-0.060032136738300326,"w":-0.8589547276496887},"size":0.2845379114151001,"orthographic":true}