{"cameraMode":{"drawMode":0,"name":"Shaded","section":"Shading Mode"},"sceneLighting":false,"audioPlay":false,"sceneViewState":{"m_AlwaysRefresh":false,"showFog":true,"showSkybox":false,"showFlares":true,"showImageEffects":true,"showParticleSystems":true,"showVisualEffectGraphs":true,"m_FxEnabled":true},"in2DMode":false,"pivot":{"x":0.01583831012248993,"y":8.669425010681153,"z":-0.061410799622535709},"rotation":{"x":-0.0009164020884782076,"y":0.9947627186775208,"z":-0.00895313173532486,"w":-0.10181945562362671},"size":0.11290107667446137,"orthographic":true}