{"cameraMode":{"drawMode":0,"name":"Shaded","section":"Shading Mode"},"sceneLighting":false,"audioPlay":false,"sceneViewState":{"m_AlwaysRefresh":false,"showFog":true,"showSkybox":false,"showFlares":true,"showImageEffects":true,"showParticleSystems":true,"showVisualEffectGraphs":true,"m_FxEnabled":false},"in2DMode":false,"pivot":{"x":53.46002960205078,"y":-147.57997131347657,"z":102.39008331298828},"rotation":{"x":0.48363813757896426,"y":-0.01575050875544548,"z":0.008707808330655098,"w":0.8750773668289185},"size":121.2435531616211,"orthographic":false}