{"cameraMode":{"drawMode":0,"name":"Shaded","section":"Shading Mode"},"sceneLighting":false,"audioPlay":false,"sceneViewState":{"m_AlwaysRefresh":false,"showFog":true,"showSkybox":false,"showFlares":true,"showImageEffects":true,"showParticleSystems":true,"showVisualEffectGraphs":true,"m_FxEnabled":true},"in2DMode":false,"pivot":{"x":-16.116201400756837,"y":3.7580676078796388,"z":0.17788207530975343},"rotation":{"x":-0.018019571900367738,"y":0.9783531427383423,"z":-0.09687606245279312,"w":-0.18197931349277497},"size":2.366025447845459,"orthographic":false}