{"cameraMode":{"drawMode":0,"name":"Shaded","section":"Shading Mode"},"sceneLighting":true,"audioPlay":false,"sceneViewState":{"m_AlwaysRefresh":false,"showFog":true,"showSkybox":false,"showFlares":true,"showImageEffects":false,"showParticleSystems":true,"showVisualEffectGraphs":true,"m_FxEnabled":true},"in2DMode":false,"pivot":{"x":-154.33560180664063,"y":-2.0508131980895998,"z":4.2216339111328129},"rotation":{"x":0.018774498254060746,"y":-0.7153195142745972,"z":0.019400358200073243,"w":0.6983615756034851},"size":61.37626647949219,"orthographic":false}