{"cameraMode":{"drawMode":0,"name":"Shaded","section":"Shading Mode"},"sceneLighting":false,"audioPlay":false,"sceneViewState":{"m_AlwaysRefresh":false,"showFog":true,"showSkybox":false,"showFlares":true,"showImageEffects":false,"showParticleSystems":true,"showVisualEffectGraphs":true,"m_FxEnabled":true},"in2DMode":false,"pivot":{"x":-26.888511657714845,"y":-45.87557601928711,"z":113.0096435546875},"rotation":{"x":0.20986410975456239,"y":0.027028480544686319,"z":-0.0056087723933160309,"w":0.9774085283279419},"size":61.37626647949219,"orthographic":false}