{"cameraMode":{"drawMode":0,"name":"Shaded","section":"Shading Mode"},"sceneLighting":false,"audioPlay":false,"sceneViewState":{"m_AlwaysRefresh":false,"showFog":true,"showSkybox":false,"showFlares":true,"showImageEffects":true,"showParticleSystems":true,"showVisualEffectGraphs":true,"m_FxEnabled":true},"in2DMode":false,"pivot":{"x":-0.000003814697265625,"y":4.099801540374756,"z":0.000003814697265625},"rotation":{"x":0.16888412833213807,"y":0.3873111605644226,"z":-0.07239999622106552,"w":0.9034543037414551},"size":13.504859924316407,"orthographic":false}