{"cameraMode":{"drawMode":0,"name":"Shaded","section":"Shading Mode"},"sceneLighting":false,"audioPlay":false,"sceneViewState":{"m_AlwaysRefresh":false,"showFog":true,"showSkybox":false,"showFlares":true,"showImageEffects":true,"showParticleSystems":true,"showVisualEffectGraphs":true,"m_FxEnabled":false},"in2DMode":false,"pivot":{"x":6.727132320404053,"y":-130.84356689453126,"z":171.35415649414063},"rotation":{"x":0.35820960998535159,"y":-0.003112228587269783,"z":0.0012247854610905052,"w":0.9337475299835205},"size":121.2435531616211,"orthographic":false}