{"cameraMode":{"drawMode":0,"name":"Shaded","section":"Shading Mode"},"sceneLighting":false,"audioPlay":false,"sceneViewState":{"m_AlwaysRefresh":false,"showFog":true,"showSkybox":false,"showFlares":true,"showImageEffects":false,"showParticleSystems":true,"showVisualEffectGraphs":true,"m_FxEnabled":true},"in2DMode":false,"pivot":{"x":27.41037940979004,"y":-0.4258613586425781,"z":28.948707580566408},"rotation":{"x":0.021723952144384385,"y":0.8831163644790649,"z":-0.04109465703368187,"w":0.4668506979942322},"size":7.620159149169922,"orthographic":true}