{"cameraMode":{"drawMode":0,"name":"Shaded","section":"Shading Mode"},"sceneLighting":false,"audioPlay":false,"sceneViewState":{"m_AlwaysRefresh":false,"showFog":true,"showSkybox":false,"showFlares":true,"showImageEffects":false,"showParticleSystems":true,"showVisualEffectGraphs":true,"m_FxEnabled":true},"in2DMode":false,"pivot":{"x":-0.0007446780800819397,"y":-0.0002535674721002579,"z":-0.011864030733704567},"rotation":{"x":-0.04687665402889252,"y":-0.7970792651176453,"z":-0.06225055083632469,"w":0.5989223718643189},"size":0.015011015348136425,"orthographic":false}