{"cameraMode":{"drawMode":0,"name":"Shaded","section":"Shading Mode"},"sceneLighting":false,"audioPlay":false,"sceneViewState":{"m_AlwaysRefresh":false,"showFog":true,"showSkybox":false,"showFlares":true,"showImageEffects":true,"showParticleSystems":true,"showVisualEffectGraphs":true,"m_FxEnabled":true},"in2DMode":false,"pivot":{"x":-0.006566643714904785,"y":1.116967797279358,"z":-0.03521263599395752},"rotation":{"x":0.06835322082042694,"y":-0.9315671920776367,"z":0.25871971249580386,"w":0.24611841142177583},"size":2.1767966747283937,"orthographic":false}