{"cameraMode":{"drawMode":0,"name":"Shaded","section":"Shading Mode"},"sceneLighting":false,"audioPlay":false,"sceneViewState":{"m_AlwaysRefresh":false,"showFog":true,"showSkybox":false,"showFlares":true,"showImageEffects":false,"showParticleSystems":true,"showVisualEffectGraphs":true,"m_FxEnabled":true},"in2DMode":false,"pivot":{"x":26.239831924438478,"y":1.4972107410430909,"z":26.72123908996582},"rotation":{"x":0.05309015139937401,"y":0.8688291311264038,"z":-0.09551920741796494,"w":0.4829077422618866},"size":2.9904940128326418,"orthographic":false}