{"cameraMode":{"drawMode":0,"name":"Shaded","section":"Shading Mode"},"sceneLighting":false,"audioPlay":false,"sceneViewState":{"m_AlwaysRefresh":false,"showFog":true,"showSkybox":false,"showFlares":true,"showImageEffects":true,"showParticleSystems":true,"showVisualEffectGraphs":true,"m_FxEnabled":false},"in2DMode":false,"pivot":{"x":-0.38676542043685915,"y":-1.2867767810821534,"z":0.5815523862838745},"rotation":{"x":-0.21283064782619477,"y":-0.49513566493988039,"z":0.8327958583831787,"w":-0.12653125822544099},"size":0.8660253882408142,"orthographic":false}