{"cameraMode":{"drawMode":0,"name":"Shaded","section":"Shading Mode"},"sceneLighting":false,"audioPlay":false,"sceneViewState":{"m_AlwaysRefresh":false,"showFog":true,"showSkybox":false,"showFlares":true,"showImageEffects":true,"showParticleSystems":true,"showVisualEffectGraphs":true,"m_FxEnabled":true},"in2DMode":false,"pivot":{"x":1.833846092224121,"y":7.762144565582275,"z":0.0038166046142578127},"rotation":{"x":0.2070431113243103,"y":0.7592446208000183,"z":-0.28812289237976076,"w":0.5455882549285889},"size":15.722626686096192,"orthographic":false}