{"cameraMode":{"drawMode":0,"name":"Shaded","section":"Shading Mode"},"sceneLighting":false,"audioPlay":false,"sceneViewState":{"m_AlwaysRefresh":false,"showFog":true,"showSkybox":false,"showFlares":true,"showImageEffects":true,"showParticleSystems":true,"showVisualEffectGraphs":true,"m_FxEnabled":false},"in2DMode":false,"pivot":{"x":11.22296142578125,"y":11.187746047973633,"z":5.1597900390625},"rotation":{"x":0.6039046049118042,"y":-0.0026504567358642818,"z":0.0020396029576659204,"w":0.7971872687339783},"size":15.579188346862793,"orthographic":false}