{"cameraMode":{"drawMode":0,"name":"Shaded","section":"Shading Mode"},"sceneLighting":false,"audioPlay":false,"sceneViewState":{"m_AlwaysRefresh":false,"showFog":true,"showSkybox":false,"showFlares":true,"showImageEffects":false,"showParticleSystems":true,"showVisualEffectGraphs":true,"m_FxEnabled":true},"in2DMode":false,"pivot":{"x":-0.004958108067512512,"y":0.43974974751472475,"z":-0.0047534555196762089},"rotation":{"x":-0.12804341316223145,"y":-0.0017644480103626848,"z":0.00022369369980879128,"w":-0.9917699098587036},"size":0.548003613948822,"orthographic":false}