{"cameraMode":{"drawMode":0,"name":"Shaded","section":"Shading Mode"},"sceneLighting":false,"audioPlay":false,"sceneViewState":{"m_AlwaysRefresh":false,"showFog":true,"showSkybox":false,"showFlares":true,"showImageEffects":true,"showParticleSystems":true,"showVisualEffectGraphs":true,"m_FxEnabled":false},"in2DMode":false,"pivot":{"x":62.32256317138672,"y":-20.54436683654785,"z":-34.531280517578128},"rotation":{"x":-0.029638558626174928,"y":-0.9604859352111816,"z":0.25283724069595339,"w":-0.11260315030813217},"size":30.462099075317384,"orthographic":false}