{"cameraMode":{"drawMode":0,"name":"Shaded","section":"Shading Mode"},"sceneLighting":false,"audioPlay":false,"sceneViewState":{"m_AlwaysRefresh":false,"showFog":true,"showSkybox":false,"showFlares":true,"showImageEffects":true,"showParticleSystems":true,"showVisualEffectGraphs":true,"m_FxEnabled":false},"in2DMode":false,"pivot":{"x":53.86467361450195,"y":10.034544944763184,"z":15.767897605895996},"rotation":{"x":0.5327195525169373,"y":0.013965032063424588,"z":-0.008789494633674622,"w":0.8461257815361023},"size":30.462099075317384,"orthographic":false}